idx,id,url
240,Ev6SFLfzP6E,https://www.youtube.com/watch?v=Ev6SFLfzP6E
238,BI0sgP_Ux1c,https://www.youtube.com/watch?v=BI0sgP_Ux1c
236,4LA-3JmkYlo,https://www.youtube.com/watch?v=4LA-3JmkYlo
234,PQhrB4I3Sq8,https://www.youtube.com/watch?v=PQhrB4I3Sq8
229,CuyP0AIxq-Y,https://www.youtube.com/watch?v=CuyP0AIxq-Y
228,XOGin6NbN00,https://www.youtube.com/watch?v=XOGin6NbN00
224,XqvvRyIxyw4,https://www.youtube.com/watch?v=XqvvRyIxyw4
223,ri8JZPJhm6Q,https://www.youtube.com/watch?v=ri8JZPJhm6Q
221,mcJ6YujBMEg,https://www.youtube.com/watch?v=mcJ6YujBMEg
220,UMXfZiMqdiQ,https://www.youtube.com/watch?v=UMXfZiMqdiQ
219,rCboRouC3Z8,https://www.youtube.com/watch?v=rCboRouC3Z8
218,BI9-7uZTmRE,https://www.youtube.com/watch?v=BI9-7uZTmRE
217,dUoQKW1VDbo,https://www.youtube.com/watch?v=dUoQKW1VDbo
