idx,id,title,url,date
1,pGXJTI_Jb3g,Reuters World News: Everything you need to know about Eurovision,https://www.youtube.com/watch?v=pGXJTI_Jb3g,unknown
2,yDFFtY4bTSk,EXCLUSIVE: Kosovo president open to new elections in Serb-majority municipalities,https://www.youtube.com/watch?v=yDFFtY4bTSk,unknown
3,djqycsIZLkI,[Private video],https://www.youtube.com/watch?v=djqycsIZLkI,unknown
4,-IalZyvBr3o,[Private video],https://www.youtube.com/watch?v=-IalZyvBr3o,unknown
5,dR9WwH93LcE,[Private video],https://www.youtube.com/watch?v=dR9WwH93LcE,unknown
6,3QPrZy7EEKg,[Private video],https://www.youtube.com/watch?v=3QPrZy7EEKg,unknown
7,2tV4RYbo7eo,[Private video],https://www.youtube.com/watch?v=2tV4RYbo7eo,unknown
8,6g51_HhpKL4,[Private video],https://www.youtube.com/watch?v=6g51_HhpKL4,unknown
9,fATvbkSraos,[Private video],https://www.youtube.com/watch?v=fATvbkSraos,unknown
10,FYZub14iwVs,[Private video],https://www.youtube.com/watch?v=FYZub14iwVs,unknown
11,UOzVQUkV-_g,[Private video],https://www.youtube.com/watch?v=UOzVQUkV-_g,unknown
12,Tuagc9x1gl8,[Private video],https://www.youtube.com/watch?v=Tuagc9x1gl8,unknown
13,hdpoqDwzIBI,[Private video],https://www.youtube.com/watch?v=hdpoqDwzIBI,unknown
14,fkJNzgnXjbk,[Private video],https://www.youtube.com/watch?v=fkJNzgnXjbk,unknown
15,TD9lB9nhAEc,[Private video],https://www.youtube.com/watch?v=TD9lB9nhAEc,unknown
16,Jz8JQUQ0lIY,[Private video],https://www.youtube.com/watch?v=Jz8JQUQ0lIY,unknown
17,faBXbOgIML4,[Private video],https://www.youtube.com/watch?v=faBXbOgIML4,unknown
18,vnW0L6xnj9A,[Private video],https://www.youtube.com/watch?v=vnW0L6xnj9A,unknown
19,jFELYRnLvuI,[Private video],https://www.youtube.com/watch?v=jFELYRnLvuI,unknown
20,vUM5Gpga3ro,[Private video],https://www.youtube.com/watch?v=vUM5Gpga3ro,unknown
21,41nlyYbVhXQ,[Private video],https://www.youtube.com/watch?v=41nlyYbVhXQ,unknown
22,HzChYUS3Sp8,US immigration: What it's like to live in Eagle Pass?,https://www.youtube.com/watch?v=HzChYUS3Sp8,unknown
23,Yj1uL2kUk6s,[Private video],https://www.youtube.com/watch?v=Yj1uL2kUk6s,unknown
24,vAwl6pYJX7M,"Farmers protest in India, Biden's US border security chief impeached and judges face threats",https://www.youtube.com/watch?v=vAwl6pYJX7M,unknown
25,T6W28iwj46w,[Private video],https://www.youtube.com/watch?v=T6W28iwj46w,unknown
26,5PwMfjqfI4k,[Private video],https://www.youtube.com/watch?v=5PwMfjqfI4k,unknown
27,1wlb9Sffl7E,[Private video],https://www.youtube.com/watch?v=1wlb9Sffl7E,unknown
28,oZFol_hj1jU,[Private video],https://www.youtube.com/watch?v=oZFol_hj1jU,unknown
29,ZWSgpt_xwFc,[Private video],https://www.youtube.com/watch?v=ZWSgpt_xwFc,unknown
30,COs99yU-gPo,[Private video],https://www.youtube.com/watch?v=COs99yU-gPo,unknown
31,pmDq6L0tBuE,[Private video],https://www.youtube.com/watch?v=pmDq6L0tBuE,unknown
32,pb3mYFIv0ng,[Private video],https://www.youtube.com/watch?v=pb3mYFIv0ng,unknown
33,xqC_lku00OU,[Private video],https://www.youtube.com/watch?v=xqC_lku00OU,unknown
34,WqSKJjBhf94,[Private video],https://www.youtube.com/watch?v=WqSKJjBhf94,unknown
35,RZF_X6zau-I,[Private video],https://www.youtube.com/watch?v=RZF_X6zau-I,unknown
36,Yw0USvbVexY,[Private video],https://www.youtube.com/watch?v=Yw0USvbVexY,unknown
37,aBopXDtfJKI,[Private video],https://www.youtube.com/watch?v=aBopXDtfJKI,unknown
38,rAx088ojAqI,[Private video],https://www.youtube.com/watch?v=rAx088ojAqI,unknown
39,dFg9ORoP1Aw,[Private video],https://www.youtube.com/watch?v=dFg9ORoP1Aw,unknown
40,LvxvJxT49Es,[Private video],https://www.youtube.com/watch?v=LvxvJxT49Es,unknown
41,f4QnLR3o29I,[Private video],https://www.youtube.com/watch?v=f4QnLR3o29I,unknown
42,hZB6nHnmm0g,[Private video],https://www.youtube.com/watch?v=hZB6nHnmm0g,unknown
43,658Ep0bibVc,[Private video],https://www.youtube.com/watch?v=658Ep0bibVc,unknown
44,AFjK5XKs3bQ,[Private video],https://www.youtube.com/watch?v=AFjK5XKs3bQ,unknown
45,-TB3q6TgRVU,[Private video],https://www.youtube.com/watch?v=-TB3q6TgRVU,unknown
46,rcRIDEoFLtY,[Private video],https://www.youtube.com/watch?v=rcRIDEoFLtY,unknown
47,SATbB4hwULo,[Private video],https://www.youtube.com/watch?v=SATbB4hwULo,unknown
48,sosC8CR8Qxc,[Private video],https://www.youtube.com/watch?v=sosC8CR8Qxc,unknown
49,eTR9VK3OhMs,[Private video],https://www.youtube.com/watch?v=eTR9VK3OhMs,unknown
50,ZDg5humdJcA,[Private video],https://www.youtube.com/watch?v=ZDg5humdJcA,unknown
51,xESUfnidraM,[Private video],https://www.youtube.com/watch?v=xESUfnidraM,unknown
52,se9DK3RStCc,[Private video],https://www.youtube.com/watch?v=se9DK3RStCc,unknown
53,UvFV4XMO6LQ,[Private video],https://www.youtube.com/watch?v=UvFV4XMO6LQ,unknown
54,8y0yIz5C3qM,[Private video],https://www.youtube.com/watch?v=8y0yIz5C3qM,unknown
55,ReRk_YpViJY,[Private video],https://www.youtube.com/watch?v=ReRk_YpViJY,unknown
56,HSnSgc_FVWI,[Private video],https://www.youtube.com/watch?v=HSnSgc_FVWI,unknown
57,XoaQr4vvRis,[Private video],https://www.youtube.com/watch?v=XoaQr4vvRis,unknown
58,NJ6iF01fE38,[Private video],https://www.youtube.com/watch?v=NJ6iF01fE38,unknown
59,HmHxyq8hWbU,[Private video],https://www.youtube.com/watch?v=HmHxyq8hWbU,unknown
60,H6_sePL77yM,[Private video],https://www.youtube.com/watch?v=H6_sePL77yM,unknown
61,2JAGofskK9w,[Private video],https://www.youtube.com/watch?v=2JAGofskK9w,unknown
62,HRHLsQjxdOk,[Private video],https://www.youtube.com/watch?v=HRHLsQjxdOk,unknown
63,TGSkcgMbOw0,[Private video],https://www.youtube.com/watch?v=TGSkcgMbOw0,unknown
64,xgJxz7Xdros,[Private video],https://www.youtube.com/watch?v=xgJxz7Xdros,unknown
65,N2sS-RG6u6E,[Private video],https://www.youtube.com/watch?v=N2sS-RG6u6E,unknown
66,5wZHPsrSCGI,[Private video],https://www.youtube.com/watch?v=5wZHPsrSCGI,unknown
67,3PfA1spfeUM,[Private video],https://www.youtube.com/watch?v=3PfA1spfeUM,unknown
68,C-IgcPJl3oo,[Private video],https://www.youtube.com/watch?v=C-IgcPJl3oo,unknown
69,r2KPcaxtkes,[Private video],https://www.youtube.com/watch?v=r2KPcaxtkes,unknown
70,JO0WQaZbngs,[Private video],https://www.youtube.com/watch?v=JO0WQaZbngs,unknown
71,1n5TfJqjyZc,[Private video],https://www.youtube.com/watch?v=1n5TfJqjyZc,unknown
72,BTbRqcdZX6c,[Private video],https://www.youtube.com/watch?v=BTbRqcdZX6c,unknown
73,FpaiV-nVvcM,[Private video],https://www.youtube.com/watch?v=FpaiV-nVvcM,unknown
74,svMq9p2ophw,[Private video],https://www.youtube.com/watch?v=svMq9p2ophw,unknown
75,N7Lp2EFOaAw,[Private video],https://www.youtube.com/watch?v=N7Lp2EFOaAw,unknown
76,ffJ4URIrsrE,[Private video],https://www.youtube.com/watch?v=ffJ4URIrsrE,unknown
77,iL3kZW4C3KM,[Private video],https://www.youtube.com/watch?v=iL3kZW4C3KM,unknown
78,8hrOwpm0-SE,[Private video],https://www.youtube.com/watch?v=8hrOwpm0-SE,unknown
79,dJLN-g3be-0,[Private video],https://www.youtube.com/watch?v=dJLN-g3be-0,unknown
80,CkWoxA8DJrg,[Private video],https://www.youtube.com/watch?v=CkWoxA8DJrg,unknown
81,5ikkXqJjobQ,[Private video],https://www.youtube.com/watch?v=5ikkXqJjobQ,unknown
82,rkhHKxvJHWI,[Private video],https://www.youtube.com/watch?v=rkhHKxvJHWI,unknown
83,YGk_ir2kfTs,[Private video],https://www.youtube.com/watch?v=YGk_ir2kfTs,unknown
84,sJl0GnPIWEk,[Private video],https://www.youtube.com/watch?v=sJl0GnPIWEk,unknown
85,DKd1n5-rLck,[Private video],https://www.youtube.com/watch?v=DKd1n5-rLck,unknown
86,1PLBqYr9qRA,[Private video],https://www.youtube.com/watch?v=1PLBqYr9qRA,unknown
87,nRYAchYXvLE,[Private video],https://www.youtube.com/watch?v=nRYAchYXvLE,unknown
88,KP1c6FOHdA8,[Private video],https://www.youtube.com/watch?v=KP1c6FOHdA8,unknown
89,24mTrpvoSYo,[Private video],https://www.youtube.com/watch?v=24mTrpvoSYo,unknown
90,pYLz1HEO3Vw,[Private video],https://www.youtube.com/watch?v=pYLz1HEO3Vw,unknown
91,qtURtysi_AU,[Private video],https://www.youtube.com/watch?v=qtURtysi_AU,unknown
92,Kupi9-Xq2b8,[Private video],https://www.youtube.com/watch?v=Kupi9-Xq2b8,unknown
93,vhDFtRSy3Lo,[Private video],https://www.youtube.com/watch?v=vhDFtRSy3Lo,unknown
94,4_hzLLVXOus,[Private video],https://www.youtube.com/watch?v=4_hzLLVXOus,unknown
95,8IFabOgxD5I,[Private video],https://www.youtube.com/watch?v=8IFabOgxD5I,unknown
96,fOv60-tcytk,[Private video],https://www.youtube.com/watch?v=fOv60-tcytk,unknown
97,KfcG7A3w5WA,[Private video],https://www.youtube.com/watch?v=KfcG7A3w5WA,unknown
98,VVINrkJjuD0,[Private video],https://www.youtube.com/watch?v=VVINrkJjuD0,unknown
99,Y0Jw90xUCcI,[Private video],https://www.youtube.com/watch?v=Y0Jw90xUCcI,unknown
100,H9X7ZEu6P84,[Private video],https://www.youtube.com/watch?v=H9X7ZEu6P84,unknown
101,8VEpa9KmSFo,[Private video],https://www.youtube.com/watch?v=8VEpa9KmSFo,unknown
102,idTUg7_p2nc,[Private video],https://www.youtube.com/watch?v=idTUg7_p2nc,unknown
103,ep0zlmuWnzY,[Private video],https://www.youtube.com/watch?v=ep0zlmuWnzY,unknown
104,NnrN5CN2sVA,[Private video],https://www.youtube.com/watch?v=NnrN5CN2sVA,unknown
105,rknHjn5hmZ8,"India's Prime Minister Narendra Modi set for a record third term, Hunter Biden on trial",https://www.youtube.com/watch?v=rknHjn5hmZ8,unknown
106,71HlWHYoIUw,[Private video],https://www.youtube.com/watch?v=71HlWHYoIUw,unknown
107,dVrFP0qIXnQ,[Private video],https://www.youtube.com/watch?v=dVrFP0qIXnQ,unknown
108,TOkSnGAou_g,[Private video],https://www.youtube.com/watch?v=TOkSnGAou_g,unknown
109,mvFDEeVseY8,[Private video],https://www.youtube.com/watch?v=mvFDEeVseY8,unknown
110,HLfQyBscTsQ,[Private video],https://www.youtube.com/watch?v=HLfQyBscTsQ,unknown
111,mowFhciYxO8,[Private video],https://www.youtube.com/watch?v=mowFhciYxO8,unknown
112,4jscgmMXw9M,[Private video],https://www.youtube.com/watch?v=4jscgmMXw9M,unknown
113,vJACkYT2gA4,[Private video],https://www.youtube.com/watch?v=vJACkYT2gA4,unknown
114,hMVQYiD51NA,[Private video],https://www.youtube.com/watch?v=hMVQYiD51NA,unknown
115,I8Grb1Ikevo,[Private video],https://www.youtube.com/watch?v=I8Grb1Ikevo,unknown
116,mKj9uGNi0oU,[Private video],https://www.youtube.com/watch?v=mKj9uGNi0oU,unknown
117,InzgZtLux5g,"Heatwave in the US, Vladimir Putin visits Vietnam and Louisiana's Ten Commandments law",https://www.youtube.com/watch?v=InzgZtLux5g,unknown
118,V_B1z4ZseEA,[Private video],https://www.youtube.com/watch?v=V_B1z4ZseEA,unknown
119,RBp8qyhGnWA,"Attacks at church, synagogue in Russia's Dagestan and deadly fire in South Korea battery plant",https://www.youtube.com/watch?v=RBp8qyhGnWA,unknown
120,iTvarXThxGI,"Trump and Ukraine peace talks, Assange’s freedom and IDF's ultra-Orthodox conscription",https://www.youtube.com/watch?v=iTvarXThxGI,unknown
121,8NKLjwDSfus,"Protesters storm Kenya's parliament, Julian Assange freed after plea deal and Biden, Trump debate",https://www.youtube.com/watch?v=8NKLjwDSfus,unknown
122,RldDa8a6Xrg,[Private video],https://www.youtube.com/watch?v=RldDa8a6Xrg,unknown
123,wNO26W3wucQ,"Biden's shaky debate performance, Trump’s false attacks, Iranians vote in presidential election",https://www.youtube.com/watch?v=wNO26W3wucQ,unknown
124,RfTZMIBqUTY,France’s snap election and the rise of the far right,https://www.youtube.com/watch?v=RfTZMIBqUTY,unknown
125,gzx80cAozIo,[Private video],https://www.youtube.com/watch?v=gzx80cAozIo,unknown
126,fFapwe9fRuE,[Private video],https://www.youtube.com/watch?v=fFapwe9fRuE,unknown
127,3a3PUjVutno,"Pressure on Biden to withdraw, Labour Party expected to win UK election and Hurricane Beryl",https://www.youtube.com/watch?v=3a3PUjVutno,unknown
128,-YPElef3bFQ,[Private video],https://www.youtube.com/watch?v=-YPElef3bFQ,unknown
129,gwYNct9ZZlQ,[Private video],https://www.youtube.com/watch?v=gwYNct9ZZlQ,unknown
130,iuqYwo3QTY8,[Private video],https://www.youtube.com/watch?v=iuqYwo3QTY8,unknown
131,ATO4WFUrtoA,"Pressure on Biden as NATO summit underway in Washington, DC and Ukraine children's hospital attack",https://www.youtube.com/watch?v=ATO4WFUrtoA,unknown
132,GNz47JBb0uY,"Biden hosts NATO summit, poised to unveil new aid for Ukraine, Modi meets Putin on visit to Russia",https://www.youtube.com/watch?v=GNz47JBb0uY,unknown
133,PNnYCxuPZNo,"Pelosi and Clooney pressure Biden, Gaza ceasefire talks and France’s far-left Melenchon dilemma",https://www.youtube.com/watch?v=PNnYCxuPZNo,unknown
134,26xKQQgzPUg,[Private video],https://www.youtube.com/watch?v=26xKQQgzPUg,unknown
135,bZTzSORMqlM,"Trump, and what comes after",https://www.youtube.com/watch?v=bZTzSORMqlM,unknown
136,KbTkto2LN84,"Trump's attempted assassination, Biden’s message and the race for the White House",https://www.youtube.com/watch?v=KbTkto2LN84,unknown
137,EdcMqUn4yfk,"Trump’s VP pick and documents case, and Gambia’s FGM ban",https://www.youtube.com/watch?v=EdcMqUn4yfk,unknown
138,MfBWNofEAZg,"RNC unity, the Trump-Vance ticket and Ukraine aid, and Kenyan protesters’ anger",https://www.youtube.com/watch?v=MfBWNofEAZg,unknown
139,iPwIT63jICE,[Private video],https://www.youtube.com/watch?v=iPwIT63jICE,unknown
140,q1aI33_LorQ,"Global tech outage, Trump’s speech, RNC bandage trend, and the shooter",https://www.youtube.com/watch?v=q1aI33_LorQ,unknown
141,_Y_Yw7INehQ,[Private video],https://www.youtube.com/watch?v=_Y_Yw7INehQ,unknown
142,X9R4kLcyROQ,[Private video],https://www.youtube.com/watch?v=X9R4kLcyROQ,unknown
143,x9cEthvdfbM,"Kamala Harris secures enough delegates for nomination, Israeli airstrikes kill 70 in Khan Younis",https://www.youtube.com/watch?v=x9cEthvdfbM,unknown
144,e1a5jIoXAcE,[Private video],https://www.youtube.com/watch?v=e1a5jIoXAcE,unknown
145,WH1hXMRPwf8,"Netanyahu defends war to US Congress, Trump's Harris barbs and Biden on dropping reelection bid",https://www.youtube.com/watch?v=WH1hXMRPwf8,unknown
146,ILSJHFcfPF8,"Olympic sabotage, Venezuela’s election and Obamas endorse Kamala Harris",https://www.youtube.com/watch?v=ILSJHFcfPF8,unknown
147,_9Y7rDueVSk,[Private video],https://www.youtube.com/watch?v=_9Y7rDueVSk,unknown
148,KJGFO4ELGlI,"Israel seeks to avoid all-out war in Lebanon retaliation, election results in Venezuela",https://www.youtube.com/watch?v=KJGFO4ELGlI,unknown
149,9VekURGjzCA,Maduro defiant as protests erupt in Venezuela and Biden's plan to overhaul Supreme Court,https://www.youtube.com/watch?v=9VekURGjzCA,unknown
150,1o6c_0AiJrQ,[Private video],https://www.youtube.com/watch?v=1o6c_0AiJrQ,unknown
151,J_XwBBngePA,[Private video],https://www.youtube.com/watch?v=J_XwBBngePA,unknown
152,hESBegAjucc,[Private video],https://www.youtube.com/watch?v=hESBegAjucc,unknown
153,SVd2WUFfBJI,[Private video],https://www.youtube.com/watch?v=SVd2WUFfBJI,unknown
154,9GSR5Q6VfAc,[Private video],https://www.youtube.com/watch?v=9GSR5Q6VfAc,unknown
155,hN8D9a1ZP_o,"Markets, Iraq attack, Bangladesh's student movement and battleground states",https://www.youtube.com/watch?v=hN8D9a1ZP_o,unknown
156,AprvOz4mg7I,"Walz VP pick, a new Hamas leader and AI music",https://www.youtube.com/watch?v=AprvOz4mg7I,unknown
157,Fe7J2dIRGRw,"Harris, Walz Michigan rally, Trump battle plan and Taylor Swift Austria concert cancelled",https://www.youtube.com/watch?v=Fe7J2dIRGRw,unknown
158,VDBv4nF1I8w,"Trump and Harris set debate date, Taylor Swift fans heartbroken and Olympic speed",https://www.youtube.com/watch?v=VDBv4nF1I8w,unknown
159,U9hqu6f9SAI,"Southport: The catalyst for UK riots, and my hometown",https://www.youtube.com/watch?v=U9hqu6f9SAI,unknown
160,qh_elBDQEJs,[Private video],https://www.youtube.com/watch?v=qh_elBDQEJs,unknown
161,rZDcaoR89Uk,[Private video],https://www.youtube.com/watch?v=rZDcaoR89Uk,unknown
162,EGtZ0VXkJ0U,"Japan’s PM, Ukraine-Russia, US inflation and Iran’s ceasefire demand",https://www.youtube.com/watch?v=EGtZ0VXkJ0U,unknown
163,9NKCQic-4MI,"Russian evacuations, mpox warning, Swift security and crypto’s Democratic appeal",https://www.youtube.com/watch?v=9NKCQic-4MI,unknown
164,kygt9NME_IA,[Private video],https://www.youtube.com/watch?v=kygt9NME_IA,unknown
165,wbCFVVihVXM,[Private video],https://www.youtube.com/watch?v=wbCFVVihVXM,unknown
166,rWkFrzX-JXQ,[Private video],https://www.youtube.com/watch?v=rWkFrzX-JXQ,unknown
167,o9dnejuh4tA,"Handover to Harris, Biden's legacy and Gaza ceasefire plan",https://www.youtube.com/watch?v=o9dnejuh4tA,unknown
168,xSsIpijfTZs,[Private video],https://www.youtube.com/watch?v=xSsIpijfTZs,unknown
169,-Tk8O0v9tt0,"Biden’s peace push, Walz at DNC, Canada rail strike and Jackson Hole",https://www.youtube.com/watch?v=-Tk8O0v9tt0,unknown
170,wkBOvKcOttw,[Private video],https://www.youtube.com/watch?v=wkBOvKcOttw,unknown
171,o4rtmyKxito,Kursk: Can Ukraine’s big bet change the course of the war?,https://www.youtube.com/watch?v=o4rtmyKxito,unknown
172,oYGBg5LA0sQ,"Russian attacks in Ukraine, Middle East tensions, Telegram and Oasis",https://www.youtube.com/watch?v=oYGBg5LA0sQ,unknown
173,9_k-S-X3a8Q,[Private video],https://www.youtube.com/watch?v=9_k-S-X3a8Q,unknown
174,QZhEaIE-OQ8,"Japan typhoon, Telegram boss, Nvidia and mpox",https://www.youtube.com/watch?v=QZhEaIE-OQ8,unknown
175,gliQzYFz9Lw,"Harris interview, Gaza polio, Starmer’s EU reset, a royal wedding and a Paralympian",https://www.youtube.com/watch?v=gliQzYFz9Lw,unknown
176,iQ_0Do6baWw,[Private video],https://www.youtube.com/watch?v=iQ_0Do6baWw,unknown
177,BBnDHI7rzvI,"Israeli protests, Russia’s advances, Gaza’s polio vaccine drive and Musk’s Starlink problem",https://www.youtube.com/watch?v=BBnDHI7rzvI,unknown
178,x-4xRYN8euA,"Ukraine weapons, Mexico’s judges, Nvidia’s selloff and China’s African sales pitch",https://www.youtube.com/watch?v=x-4xRYN8euA,unknown
179,oD7hdORn_oA,[Private video],https://www.youtube.com/watch?v=oD7hdORn_oA,unknown
180,JqXF7-GwfgU,[Private video],https://www.youtube.com/watch?v=JqXF7-GwfgU,unknown
181,OW37NRiZWR4,[Private video],https://www.youtube.com/watch?v=OW37NRiZWR4,unknown
182,m-LCLiGoZFA,[Private video],https://www.youtube.com/watch?v=m-LCLiGoZFA,unknown
183,TzONETjIT6c,[Private video],https://www.youtube.com/watch?v=TzONETjIT6c,unknown
184,vXE00PYMA9o,"Harris v Trump debate, undecided voters, Taylor Swift’s endorsement and Russia’s Iranian missiles",https://www.youtube.com/watch?v=vXE00PYMA9o,unknown
185,uwgP9fCSV8c,"Springfield father, Haitian immigrants, UN chief interview and Coke and Pepsi boycotts",https://www.youtube.com/watch?v=uwgP9fCSV8c,unknown
186,tUiaHk_MQA8,"Harris' poll lead, Boeing strike, Trump’s debate ‘no’, the Pope and the Emmys",https://www.youtube.com/watch?v=tUiaHk_MQA8,unknown
187,6b9zQ4qK5TE,[Private video],https://www.youtube.com/watch?v=6b9zQ4qK5TE,unknown
188,vCePII6Q6qM,[Private video],https://www.youtube.com/watch?v=vCePII6Q6qM,unknown
189,O5fkq7bikpg,[Private video],https://www.youtube.com/watch?v=O5fkq7bikpg,unknown
190,Uljspqrqf7w,[Private video],https://www.youtube.com/watch?v=Uljspqrqf7w,unknown
191,npo-Dxmf1VY,[Private video],https://www.youtube.com/watch?v=npo-Dxmf1VY,unknown
192,7B_e4JvC5xk,[Private video],https://www.youtube.com/watch?v=7B_e4JvC5xk,unknown
193,0TBwv-z8OqQ,[Private video],https://www.youtube.com/watch?v=0TBwv-z8OqQ,unknown
194,rkkK16qOrAw,"Israel increases Lebanon strikes, Iran's devices ban and Sri Lanka's new president",https://www.youtube.com/watch?v=rkkK16qOrAw,unknown
195,VZ9TLi5gMAE,"Israel and Hezbollah, US troop deployment, Biden at UN and China stimulus",https://www.youtube.com/watch?v=VZ9TLi5gMAE,unknown
196,hqgg0jgHvlk,"Hezbollah targets Mossad, Russia and Houthis talk missiles in Iran, US national polls and Tuvalu’...",https://www.youtube.com/watch?v=hqgg0jgHvlk,unknown
197,Zklm1dHOt08,[Private video],https://www.youtube.com/watch?v=Zklm1dHOt08,unknown
198,_ZM5bUHyZhM,[Private video],https://www.youtube.com/watch?v=_ZM5bUHyZhM,unknown
199,Z8SCYX19hTw,Mexico’s new president takes office. What lies ahead for Claudia Sheinbaum?,https://www.youtube.com/watch?v=Z8SCYX19hTw,unknown
200,FI3U_kLExEo,"Israeli bombardment, Hezbollah's future, US port strike and Austria far-right win",https://www.youtube.com/watch?v=FI3U_kLExEo,unknown
201,Wlq3IlZIyYI,"Israel's incursion into Lebanon, Helene's devastation and VP debate",https://www.youtube.com/watch?v=Wlq3IlZIyYI,unknown
202,MOxXrjJ3OvY,"Iran’s missile attack on Israel, Helene’s political fallout and fentanyl’s unlikely route",https://www.youtube.com/watch?v=MOxXrjJ3OvY,unknown
203,zMNMOYaRh04,[Private video],https://www.youtube.com/watch?v=zMNMOYaRh04,unknown
204,PCRNxrEv-8o,"Freed Yazidi captive, Lebanon’s Syria crossing, early US concerns on Gaza and Houthi emails",https://www.youtube.com/watch?v=PCRNxrEv-8o,unknown
205,GIlz5En7js4,October 7: The ongoing pain and the politics,https://www.youtube.com/watch?v=GIlz5En7js4,unknown
206,KFd1m1HY0K8,[Private video],https://www.youtube.com/watch?v=KFd1m1HY0K8,unknown
207,py-GzCEZcEA,"Hurricane Milton, Mexico mayor’s murder and US election certifiers",https://www.youtube.com/watch?v=py-GzCEZcEA,unknown
208,NqinwV6Vze0,"Hurricane Milton evacuation, Afghan arrested for plotting Election Day attack & Hezbollah latest",https://www.youtube.com/watch?v=NqinwV6Vze0,unknown
209,cn3XlvkudqU,[Private video],https://www.youtube.com/watch?v=cn3XlvkudqU,unknown
210,CJh-t2zykG8,[Private video],https://www.youtube.com/watch?v=CJh-t2zykG8,unknown
211,Dmsbu7yJhM4,[Private video],https://www.youtube.com/watch?v=Dmsbu7yJhM4,unknown
212,g1PLiosK05c,[Private video],https://www.youtube.com/watch?v=g1PLiosK05c,unknown
213,zwsvE_zPYRs,"India-Canada row, UN in Lebanon, Pennsylvania rallies and NASA’s Jupiter mission",https://www.youtube.com/watch?v=zwsvE_zPYRs,unknown
214,feGkM038O3U,"US-Israel military aid warning, Lebanon’s sectarian tensions, Boeing’s turmoil and Georgia early ...",https://www.youtube.com/watch?v=feGkM038O3U,unknown
215,z4gEwxLGWPg,"Harris on Fox, Liam Payne, pagers and Zelenskiy's plan",https://www.youtube.com/watch?v=z4gEwxLGWPg,unknown
216,uK6E7NhvvKM,"Yahya Sinwar, Meloni's surrogacy ban, Mexican mayor murders",https://www.youtube.com/watch?v=uK6E7NhvvKM,unknown
217,-H21IzpGwks,Abortion and reproductive justice on the ballot,https://www.youtube.com/watch?v=-H21IzpGwks,unknown
218,dUoQKW1VDbo,[Private video],https://www.youtube.com/watch?v=dUoQKW1VDbo,unknown
219,BI9-7uZTmRE,[Private video],https://www.youtube.com/watch?v=BI9-7uZTmRE,unknown
220,rCboRouC3Z8,[Private video],https://www.youtube.com/watch?v=rCboRouC3Z8,unknown
221,UMXfZiMqdiQ,[Private video],https://www.youtube.com/watch?v=UMXfZiMqdiQ,unknown
222,mcJ6YujBMEg,[Private video],https://www.youtube.com/watch?v=mcJ6YujBMEg,unknown
223,gKkXnBGGRAk,Fire and ice: Climate change and Iceland’s volcanoes,https://www.youtube.com/watch?v=gKkXnBGGRAk,unknown
224,ri8JZPJhm6Q,[Private video],https://www.youtube.com/watch?v=ri8JZPJhm6Q,unknown
225,XqvvRyIxyw4,[Private video],https://www.youtube.com/watch?v=XqvvRyIxyw4,unknown
226,7QZyrPI0Cpw,"Harris rallies in DC, lawn sign wars and Canada’s India accusation",https://www.youtube.com/watch?v=7QZyrPI0Cpw,unknown
227,NMUHypi3pmQ,"Securing the vote, US economic optimism and a Polish 'vampire'",https://www.youtube.com/watch?v=NMUHypi3pmQ,unknown
228,qYb5Lkxz70E,"Harris and Trump on women and healthcare, plus Native Americans and China EVs",https://www.youtube.com/watch?v=qYb5Lkxz70E,unknown
229,XOGin6NbN00,[Private video],https://www.youtube.com/watch?v=XOGin6NbN00,unknown
230,CuyP0AIxq-Y,[Private video],https://www.youtube.com/watch?v=CuyP0AIxq-Y,unknown
231,kyh56E6tWH8,Voters head to polls as turbulent campaign concludes,https://www.youtube.com/watch?v=kyh56E6tWH8,unknown
232,K7d41Z8hJPs,Trump's comeback,https://www.youtube.com/watch?v=K7d41Z8hJPs,unknown
233,VEi01wVfRVY,"Trump's return: his campaign, economic plans and legal cases",https://www.youtube.com/watch?v=VEi01wVfRVY,unknown
234,9oCLcV04L_s,"Trump’s foreign policy, Israelis attacked in Amsterdam and Black Americans",https://www.youtube.com/watch?v=9oCLcV04L_s,unknown
235,PQhrB4I3Sq8,[Private video],https://www.youtube.com/watch?v=PQhrB4I3Sq8,unknown
236,c8W2e4CMJsQ,"Trump and Putin, the Pentagon, Musk’s clout and COP29",https://www.youtube.com/watch?v=c8W2e4CMJsQ,unknown
237,4LA-3JmkYlo,[Private video],https://www.youtube.com/watch?v=4LA-3JmkYlo,unknown
238,R7m63SK7laE,"Musk’s role, China critics, Senate leadership and bitcoin",https://www.youtube.com/watch?v=R7m63SK7laE,unknown
239,BI0sgP_Ux1c,[Private video],https://www.youtube.com/watch?v=BI0sgP_Ux1c,unknown
240,2nQxI5Bw7_Q,"RFK Jr, the Trump 2.0 cast and Jake Paul v Mike Tyson",https://www.youtube.com/watch?v=2nQxI5Bw7_Q,unknown
241,Ev6SFLfzP6E,[Private video],https://www.youtube.com/watch?v=Ev6SFLfzP6E,unknown
242,yS2zMkOp9Hs,US Ukraine missile shift and climate cash,https://www.youtube.com/watch?v=yS2zMkOp9Hs,unknown
243,zZ94OYgWS54,"China attacks, Trump’s federal purge and Hong Kong sentences",https://www.youtube.com/watch?v=zZ94OYgWS54,unknown
244,-essPiLpY-Y,"Putin’s peace, Trump’s legal future, Milei and Nvidia",https://www.youtube.com/watch?v=-essPiLpY-Y,unknown
245,WlI8xZ2QoiU,"Russian missile, Adani, school choice and Target’s woes",https://www.youtube.com/watch?v=WlI8xZ2QoiU,unknown
246,uhWLNc6fFDk,"Gaetz out-Bondi in, Bolsonaro and Europe’s new migration frontline",https://www.youtube.com/watch?v=uhWLNc6fFDk,unknown
247,kA_Wgl0D2kg,What Trump’s win could mean for Israeli settlers ,https://www.youtube.com/watch?v=kA_Wgl0D2kg,unknown
248,PK5OeBPqhJM,"Trump's Treasury pick, COP backlash and Australia’s teen social media ban",https://www.youtube.com/watch?v=PK5OeBPqhJM,2024-11-25
249,uiYO4aejI68,"Trump’s tariffs, Lebanon ceasefire and Thanksgiving dinner price tag",https://www.youtube.com/watch?v=uiYO4aejI68,2024-11-26
250,0Cew-3myUX0,"Israel-Hezbollah ceasefire, Gaza fears, fentanyl vs. tariffs and obesity drugs",https://www.youtube.com/watch?v=0Cew-3myUX0,2024-11-27
251,VVKKnWXoMxY,"Australia’s social media ban, Lebanon's fragile ceasefire, Russia’s missile and Ireland’s election",https://www.youtube.com/watch?v=VVKKnWXoMxY,2024-11-29
252,yN5dznPp5g8,The evolving face of retail,https://www.youtube.com/watch?v=yN5dznPp5g8,2024-11-30
253,TeXBk1gc0dg,"Hunter Biden, Syria, Panama Canal and space junk",https://www.youtube.com/watch?v=TeXBk1gc0dg,2024-12-02
254,I--DiHWCGAI,"France’s political turmoil, election deniers and Japan’s bears",https://www.youtube.com/watch?v=I--DiHWCGAI,2024-12-03
255,RP6IB9DD-CA,"South Korea turmoil, Biden’s Africa legacy and AI around the house",https://www.youtube.com/watch?v=RP6IB9DD-CA,2024-12-04
256,-Cs4O6uoolg,"UnitedHealth shooting, France in crisis, Bitcoin, Hegseth and transgender care",https://www.youtube.com/watch?v=-Cs4O6uoolg,2024-12-05
257,Umu2Pp9us5E,"Notre-Dame Cathedral, healthcare executives’ risk and Antony Blinken",https://www.youtube.com/watch?v=Umu2Pp9us5E,2024-12-06
258,J2CShJTHz5s,NATO and Europe’s new ‘Cold War’,https://www.youtube.com/watch?v=J2CShJTHz5s,2024-12-07
259,TjJ2RYgGPFY,"Syria: How Assad fell, the view from Damascus and US response",https://www.youtube.com/watch?v=TjJ2RYgGPFY,2024-12-09
260,_9cU-sRh6wg,"UnitedHealth suspect, Syria’s lost prisoners and Haiti 'witchcraft' massacre",https://www.youtube.com/watch?v=_9cU-sRh6wg,2024-12-10
261,-egWM6H6TQI,"Israel’s Syria strikes, UnitedHealth suspect’s extradition and TikTok",https://www.youtube.com/watch?v=-egWM6H6TQI,2024-12-11
262,DvWoWDAq4pM,"FBI director’s resignation, Trump’s crypto venture and Syrians in Europe",https://www.youtube.com/watch?v=DvWoWDAq4pM,2024-12-12
263,33xZ9qGgdtA,"Trump’s day 1 plans, UAE and Sudan and Ukraine’s teen dilemma",https://www.youtube.com/watch?v=33xZ9qGgdtA,2024-12-13
264,X-3tKJa2AW0,Inside Syria’s security apparatus by a journalist once held,https://www.youtube.com/watch?v=X-3tKJa2AW0,2024-12-14
265,gxBZr2gQKJU,"Mayotte, Golan Heights, Canada’s border and Trump vs EVs",https://www.youtube.com/watch?v=gxBZr2gQKJU,2024-12-16
266,f_nOh0aGc1A,"Moscow assassination, Canada crisis, RFK and drone mystery",https://www.youtube.com/watch?v=f_nOh0aGc1A,2024-12-17
267,Il92iZHqGOk,"Syrian mass graves, Mayotte, Trump’s defamation claims and Tulsi Gabbard",https://www.youtube.com/watch?v=Il92iZHqGOk,2024-12-18
268,72PDBcfQjXc,"Pelicot verdict, government shutdown, the Fed and Iran’s oil",https://www.youtube.com/watch?v=72PDBcfQjXc,2024-12-19
269,fSzdQCV6v70,"Government shutdown, Putin, $10 holiday shopping and Hollywood’s pivot",https://www.youtube.com/watch?v=fSzdQCV6v70,2024-12-20
270,7M0ANFanxAQ,A checkup on weight-loss drugs,https://www.youtube.com/watch?v=7M0ANFanxAQ,2024-12-21
271,CXfjgr_cA4E,"Trump's Panama Canal threat, German Christmas market suspect, Nissan-Honda and holiday booze",https://www.youtube.com/watch?v=CXfjgr_cA4E,2024-12-23
272,jTL3Xo5m0Fk,"Biden’s commutations, Matt Gaetz and Christmas in Syria",https://www.youtube.com/watch?v=jTL3Xo5m0Fk,2024-12-24
273,4NCSCLRM1_E,"Azerbaijan plane crash, Indian Ocean tsunami remembered and LA homelessness",https://www.youtube.com/watch?v=4NCSCLRM1_E,2024-12-27
274,3gPZFsvJDAw,"Jimmy Carter, South Korea air disaster and Russian gas",https://www.youtube.com/watch?v=3gPZFsvJDAw,2024-12-30
275,c2IDeBtKBN8,"US Treasury hack, Trump and Musk on visas and Syria's Ukraine overtures",https://www.youtube.com/watch?v=c2IDeBtKBN8,2024-12-31
276,zgtIIX4_U4Y,"New Orleans, Tesla truck explosion, Gazprom and the debt ceiling",https://www.youtube.com/watch?v=zgtIIX4_U4Y,2025-01-02
277,t6C7YEgmdOg,"South Korea, New Orleans and ISIS, Biden's Nippon Steel block and the Golden Globes",https://www.youtube.com/watch?v=t6C7YEgmdOg,2025-01-03
278,vefvW4I4ef0,2024 in pictures,https://www.youtube.com/watch?v=vefvW4I4ef0,2025-01-04
279,v50aYm3Fs5w,"Trudeau, a divided House, Ukraine and the Golden Globes",https://www.youtube.com/watch?v=v50aYm3Fs5w,2025-01-06
280,mFzUPT9hLVo,"Trudeau’s exit, Musk v Starmer, Nvidia’s new tech and Biden’s drilling ban",https://www.youtube.com/watch?v=mFzUPT9hLVo,2025-01-07
281,85IK1weobHI,"California wildfires, Greenland, Meta and Jean-Marie Le Pen",https://www.youtube.com/watch?v=85IK1weobHI,2025-01-08
282,3bR5spRrbns,"Hollywood scorched, UK bond pain, Lebanon’s election, and Mali’s gold fight",https://www.youtube.com/watch?v=3bR5spRrbns,2025-01-09
283,W3XgXSRjJys,"TikTok, Musk and the German far right and diversity backlash",https://www.youtube.com/watch?v=W3XgXSRjJys,2025-01-10
284,mI2umXmRfEE,Los Angeles wildfires: What we know so far,https://www.youtube.com/watch?v=mI2umXmRfEE,2025-01-11
285,xb9Ic5livJ4,"Ukraine and North Korea, LA fire wind warning and space race delays",https://www.youtube.com/watch?v=xb9Ic5livJ4,2025-01-13
286,kkLgjDBECm0,"Gaza, special counsel report, Trump’s inherited economy, Russian oil and Hegseth",https://www.youtube.com/watch?v=kkLgjDBECm0,2025-01-14
287,l0a8zh6yDuU,"Ukraine peace delay, TikTok alternative, South Korea arrest and wildfire aid fight",https://www.youtube.com/watch?v=l0a8zh6yDuU,2025-01-15
288,I4dgqsOv_ys,"Biden and Trump's Gaza ceasefire deal, Netanyahu delay and South African mine siege",https://www.youtube.com/watch?v=I4dgqsOv_ys,2025-01-16
289,lYkHov42YK8,"Israel ceasefire approval, SpaceX, migrants’ mental health and Australian Open",https://www.youtube.com/watch?v=lYkHov42YK8,2025-01-17
290,-HMAVqppuIE,Trump’s inauguration and beyond,https://www.youtube.com/watch?v=-HMAVqppuIE,2025-01-18
291,3umwHhGjCnI,"Trump inauguration countdown, Gaza hostages release and TikTok restored",https://www.youtube.com/watch?v=3umwHhGjCnI,2025-01-20
292,69N3MfFjZ2I,"A new American chapter, Trump’s pardons and executive orders, and border crackdown",https://www.youtube.com/watch?v=69N3MfFjZ2I,2025-01-21
293,JLAOwhATHng,"Trump's early whirlwind: Jan 6 pardons, WHO exit and DEI targeted",https://www.youtube.com/watch?v=JLAOwhATHng,2025-01-22
294,T-mMIrn3E8c,"New LA fire, Davos and DEI, Trump's immigration threats, tariffs-for-tax cuts and Syria’s police",https://www.youtube.com/watch?v=T-mMIrn3E8c,2025-01-23
295,7nBTL-nmFWo,"Birthright ban blocked, Trump's federal purge, ICC Taliban warrants, BoJ and the Oscars",https://www.youtube.com/watch?v=7nBTL-nmFWo,2025-01-24
296,QywfoCDdbkw,Hamas’ grip on Gaza,https://www.youtube.com/watch?v=QywfoCDdbkw,2025-01-25
297,sxS-Pq_trIY,"Colombia deportations, Gaza returns, Trump’s tax cuts and Auschwitz liberation anniversary",https://www.youtube.com/watch?v=sxS-Pq_trIY,2025-01-27
298,GtwxnpBFMN4,"DeepSeek, Trump and Hegseth’s Pentagon and USAID",https://www.youtube.com/watch?v=GtwxnpBFMN4,2025-01-28
299,Ug_s55phSIY,Mother and daughter reunite in Gaza City after 15 months apart | REUTERS,https://www.youtube.com/watch?v=Ug_s55phSIY,2025-01-28
300,5HPCcpWwYb0,"Trump aid freeze, India stampede, immigration raids and Congo violence",https://www.youtube.com/watch?v=5HPCcpWwYb0,2025-01-29
301,ZXnyPJbqalE,"DC plane crash, Fed decision, RFK Jr under microscope and Arctic drones",https://www.youtube.com/watch?v=ZXnyPJbqalE,2025-01-30
302,kwmkbawvPmk,"Crash black boxes, Trump's diversity claim, hostage swap chaos and Canadian tariff fears",https://www.youtube.com/watch?v=kwmkbawvPmk,2025-01-31
303,lLW7wg76gvc,AI's Sputnik moment,https://www.youtube.com/watch?v=lLW7wg76gvc,2025-02-01
304,fZLecgvIpkI,"Trump’s tariffs, Rubio in Panama, Grammys and a reservation’s fentanyl crisis",https://www.youtube.com/watch?v=fZLecgvIpkI,2025-02-03
305,xk4tVhK-hSc,"China tariffs, Canada and Mexico pause, Netanyahu-Trump and DOGE v. USAID",https://www.youtube.com/watch?v=xk4tVhK-hSc,2025-02-04
306,P3xjIKGPbKA,"Trump’s Gaza proposal, Mideast reaction and El Salvador’s prison offer",https://www.youtube.com/watch?v=P3xjIKGPbKA,2025-02-05
307,wXcaXsDRNZ4,"Israel's Gaza proposal preparations, Arab Americans, South African land and transgender athletes",https://www.youtube.com/watch?v=wXcaXsDRNZ4,2025-02-06
308,6sUMU8cttxA,"Buyout block, Indian deportees, January jobs report and the Super Bowl",https://www.youtube.com/watch?v=6sUMU8cttxA,2025-02-07
309,tOqobEPSNbQ,What went wrong with Biden's arms shipments to Ukraine,https://www.youtube.com/watch?v=tOqobEPSNbQ,2025-02-08
310,jN_WgL5BU2U,"Tariffs, court battles, research limbo and agritourism",https://www.youtube.com/watch?v=jN_WgL5BU2U,2025-02-10
311,M7TMJ8hSsPs,"Ceasefire ultimatum, Musk and OpenAI and US consumer watchdog",https://www.youtube.com/watch?v=M7TMJ8hSsPs,2025-02-11
312,jcU2S-7yv5k,"Musk’s cuts, Trump’s trade squeeze, Powell and China space race",https://www.youtube.com/watch?v=jcU2S-7yv5k,2025-02-12
313,Qdsffi7aFdk,"Trump calls Russia and Ukraine, inflation, and Modi’s offers",https://www.youtube.com/watch?v=Qdsffi7aFdk,2025-02-13
314,_-Vi0sqEJeM,"Zelenskiy-Vance meet in Munich, Musk friction, RFK Jr and Eric Adams",https://www.youtube.com/watch?v=_-Vi0sqEJeM,2025-02-14
315,2LCLHsZKZQE,Germany's election tests a far-right firewall,https://www.youtube.com/watch?v=2LCLHsZKZQE,2025-02-15
316,EqpFI4T1Gq4,"Rubio and Russia's Ukraine talks, Argentina's cuts and low-cost loophole challenge",https://www.youtube.com/watch?v=EqpFI4T1Gq4,2025-02-17
317,KrnkAj8_I_E,"US-Russia Ukraine talks, European security and Delta plane flip",https://www.youtube.com/watch?v=KrnkAj8_I_E,2025-02-18
318,6zmTW3Rs8f4,"Trump’s Ukraine message, DOGE, Milei crypto scandal and NY’s Adams",https://www.youtube.com/watch?v=6zmTW3Rs8f4,2025-02-19
319,YVxskEa7BNQ,"Trump-Zelenskiy feud, Gaza hostage bodies, Musk poll and Brazil judge",https://www.youtube.com/watch?v=YVxskEa7BNQ,2025-02-20
320,S0_Ezj3nmOU,"Gaza body, Trump's grip, Kenya workers and quantum computing",https://www.youtube.com/watch?v=S0_Ezj3nmOU,2025-02-21
321,g2hKPaQX2Ik,Saudi Arabia's role in global diplomacy,https://www.youtube.com/watch?v=g2hKPaQX2Ik,2025-02-22
322,AfGeWM9el3U,"Germany election, Musk’s email and Ukraine anniversary",https://www.youtube.com/watch?v=AfGeWM9el3U,2025-02-24
323,BTuduktLMxE,"Trump and Macron's Ukraine divide, DeepSeek and Germany’s Left",https://www.youtube.com/watch?v=BTuduktLMxE,2025-02-25
324,76jHYobE4XQ,"Ukraine minerals deal, consumer confidence, tax cuts and South Korea birthrate",https://www.youtube.com/watch?v=76jHYobE4XQ,2025-02-26
325,8co-Emd3C00,"Starmer meets Trump, Musk at cabinet, Gene Hackman and Andrew Tate",https://www.youtube.com/watch?v=8co-Emd3C00,2025-02-27
326,VDSGQZQyjjM,"Trump and Zelenskiy, PKK, measles and Apple DEI",https://www.youtube.com/watch?v=VDSGQZQyjjM,2025-02-28
327,84C__WRLk0o,Oscars 2025: Hollywood’s big night,https://www.youtube.com/watch?v=84C__WRLk0o,2025-03-01
328,V08KcUn6a_8,"Europe rallies round Ukraine, tariffs, crypto reserve and Oscars",https://www.youtube.com/watch?v=V08KcUn6a_8,2025-03-03
329,4iLWkPOiUfI,"Trade wars, Ukraine aid, Russia sanctions and Gaza alternative",https://www.youtube.com/watch?v=4iLWkPOiUfI,2025-03-04
330,IW36IctyQfk,"Trump’s speech, Trudeau hits back and China’s economic plan",https://www.youtube.com/watch?v=IW36IctyQfk,2025-03-05
331,mWFqveU6jVQ,"Ukrainians in US, pickup politics, Mexico’s judicial elections and DEI",https://www.youtube.com/watch?v=mWFqveU6jVQ,2025-03-06
332,RDRTcRdNN1w,"Tariff whiplash, Trump’s legal cases and Romania treason plot",https://www.youtube.com/watch?v=RDRTcRdNN1w,2025-03-07
333,1b4ZBs20jyM,Greenland,https://www.youtube.com/watch?v=1b4ZBs20jyM,2025-03-08
